<component name="ProjectRunConfigurationManager">
  <configuration default="false" name="VRFTest.testVRFWithDeployManually" type="GradleRunConfiguration" factoryName="Gradle">
    <ExternalSystemSettings>
      <option name="env">
        <map>
          <entry key="spring.profiles.active" value="fiscobcos3" />
        </map>
      </option>
      <option name="executionName" />
      <option name="externalProjectPath" value="$PROJECT_DIR$" />
      <option name="externalSystemIdString" value="GRADLE" />
      <option name="scriptParameters" value="-Dlog4j.debug --warn" />
      <option name="taskDescriptions">
        <list />
      </option>
      <option name="taskNames">
        <list>
          <option value=":test" />
          <option value="--tests" />
          <option value="&quot;com.webank.truora.test.bcos3.VRFTest.testVRFWithDeployManually&quot;" />
        </list>
      </option>
      <option name="vmOptions" value="" />
    </ExternalSystemSettings>
    <ExternalSystemDebugServerProcess>false</ExternalSystemDebugServerProcess>
    <ExternalSystemReattachDebugProcess>true</ExternalSystemReattachDebugProcess>
    <DebugAllEnabled>false</DebugAllEnabled>
    <method v="2" />
  </configuration>
</component>